<?xml version="1.0" encoding="UTF-8"?><MD_Metadata xmlns:xlink="http://www.w3.org/1999/xlink" xmlns:srv="http://www.isotc211.org/2005/srv" xmlns:gts="http://www.isotc211.org/2005/gts" xmlns:xalan="http://xml.apache.org/xalan" xmlns:gco="http://www.isotc211.org/2005/gco" xmlns:gml="http://www.opengis.net/gml" xmlns:xsi="http://www.w3.org/2001/XMLSchema-instance" xmlns="http://www.isotc211.org/2005/gmd">
    <characterSet>
        <MD_CharacterSetCode codeList="http://www.isotc211.org/2005/resources/Codelist/gmxCodelists.xml#MD_CharacterSetCode" codeListValue="utf8" codeSpace="ISOTC211/19115">utf8</MD_CharacterSetCode>
    </characterSet>
    <hierarchyLevel>
        <MD_ScopeCode codeList="http://www.isotc211.org/2005/resources/Codelist/gmxCodelists.xml#MD_ScopeCode" codeListValue="dataset" codeSpace="ISOTC211/19115">dataset</MD_ScopeCode>
    </hierarchyLevel>
    <hierarchyLevelName>
        <gco:CharacterString>dataset</gco:CharacterString>
    </hierarchyLevelName>
    <contact gco:nilReason="missing"/>
    <dateStamp gco:nilReason="missing"/>
    <metadataStandardName>
        <gco:CharacterString>ISO 19139 Geographic Information - Metadata - Implementation Specification</gco:CharacterString>
    </metadataStandardName>
    <metadataStandardVersion>
        <gco:CharacterString>2007</gco:CharacterString>
    </metadataStandardVersion>
    <identificationInfo>
        <MD_DataIdentification>
            <citation>
                <CI_Citation>
                    <title>
                        <gco:CharacterString>Map1</gco:CharacterString>
                    </title>
                    <date gco:nilReason="missing"/>
                </CI_Citation>
            </citation>
            <abstract>
                <gco:CharacterString>Feature Service mit den aktuellen Covid-19 Infektionen pro 1 00.000 Einwohner auf die deutschen Landkreise. Der Service wird täglich mit den aktuellen Fallzahlen des Robert Koch-Instituts aktualisiert.Datenquelle: Robert Koch InstitutIm Layer werden die bundesweit einheitlich erfassten und an das Robert Koch-Institut (RKI) übermittelten Daten zu bestätigten COVID-19-Fällen dargestellt. COVID-19-Verdachtsfälle und -Erkrankungen sowie Nachweise von SARS-CoV-2 werden gemäß Infektionsschutzgesetz an das zuständige Gesundheitsamt gemeldet. Die Gesundheitsämter ermitteln ggf. zusätzliche Informationen, bewerten den Fall und leiten die notwendigen Infektionsschutzmaßnahmen ein. Die Daten werden spätestens am nächsten Arbeitstag vom Gesundheitsamt elektronisch an die zuständige Landesbehörde und von dort an das RKI übermittelt. Am RKI werden sie mittels weitgehend automatisierter Algorithmen validiert.Es werden nur Fälle veröffentlicht, bei denen eine labordiagnostische Bestätigung unabhängig vom klinischen Bild vorliegt. Die Daten werden am RKI einmal täglich jeweils um 00:00 Uhr prozessiert. Die Daten stehen dann in den frühen Morgenstunden aktualisiert im Layer zur Verfügung.Die Fälle werden dem Bundesland bzw. Landkreis zugeordnet, aus dem der Fall übermittelt worden ist, das entspricht in der Regel dem Wohnort bzw. gewöhnlichen Aufenthaltsort der Fälle und nicht dem Ort, wo sich die Person wahrscheinlich angesteckt hat. Für den regionalen Vergleich der Häufigkeit einer Krankheit (z.B. zwischen Kreisen oder Bundesländern) sollte anstelle der absoluten Fallzahlen die Inzidenz (Anzahl der Fälle pro 100.000 Einwohner) betrachtet werden, um Unterschiede in den Bevölkerungszahlen zu berücksichtigen. Die zur Inzidenzberechnung herangezogenen Bevölkerungszahlen werden von den Statistischen Landesämtern bereitgestellt. Bei der Darstellung der Neuinfektionen pro Tag wird das Meldedatum verwendet, also das Datum, an dem das GA Kenntnis von dem Fall erlangt und ihn als solchen elektronisch erfasst.</gco:CharacterString>
            </abstract>
            <purpose>
                <gco:CharacterString>Feature Service mit den aktuellen Covid-19 Infektionen pro 100.000 Einwohner auf die deutschen Landkreise.</gco:CharacterString>
            </purpose>
            <credit>
                <gco:CharacterString>Bundesamt für Kartographie und Geodäsie
Robert Koch-Institut</gco:CharacterString>
            </credit>
            <descriptiveKeywords>
                <MD_Keywords>
                    <keyword>
                        <gco:CharacterString>RKI</gco:CharacterString>
                    </keyword>
                    <keyword>
                        <gco:CharacterString>Corona</gco:CharacterString>
                    </keyword>
                    <keyword>
                        <gco:CharacterString>Deutschland</gco:CharacterString>
                    </keyword>
                    <keyword>
                        <gco:CharacterString>Landkreise</gco:CharacterString>
                    </keyword>
                    <keyword>
                        <gco:CharacterString>DE</gco:CharacterString>
                    </keyword>
                    <keyword>
                        <gco:CharacterString>Epidemie</gco:CharacterString>
                    </keyword>
                    <keyword>
                        <gco:CharacterString>Gesundheit</gco:CharacterString>
                    </keyword>
                    <keyword>
                        <gco:CharacterString>Robert Koch Institut</gco:CharacterString>
                    </keyword>
                    <keyword>
                        <gco:CharacterString>Dashboard</gco:CharacterString>
                    </keyword>
                    <keyword>
                        <gco:CharacterString>public safety</gco:CharacterString>
                    </keyword>
                    <keyword>
                        <gco:CharacterString>COVID-19</gco:CharacterString>
                    </keyword>
                    <keyword>
                        <gco:CharacterString>Visualisierung</gco:CharacterString>
                    </keyword>
                    <keyword>
                        <gco:CharacterString>BKG</gco:CharacterString>
                    </keyword>
                    <keyword>
                        <gco:CharacterString>Bundesamt für Kartographie und Geodäsie</gco:CharacterString>
                    </keyword>
                </MD_Keywords>
            </descriptiveKeywords>
            <descriptiveKeywords>
                <MD_Keywords>
                    <keyword>
                        <gco:CharacterString>RKI</gco:CharacterString>
                    </keyword>
                    <keyword>
                        <gco:CharacterString>Corona</gco:CharacterString>
                    </keyword>
                    <keyword>
                        <gco:CharacterString>Deutschland</gco:CharacterString>
                    </keyword>
                    <keyword>
                        <gco:CharacterString>Landkreise</gco:CharacterString>
                    </keyword>
                    <keyword>
                        <gco:CharacterString>DE</gco:CharacterString>
                    </keyword>
                    <keyword>
                        <gco:CharacterString>Epidemie</gco:CharacterString>
                    </keyword>
                    <keyword>
                        <gco:CharacterString>Gesundheit</gco:CharacterString>
                    </keyword>
                    <keyword>
                        <gco:CharacterString>Robert Koch Institut</gco:CharacterString>
                    </keyword>
                    <keyword>
                        <gco:CharacterString>Dashboard</gco:CharacterString>
                    </keyword>
                    <keyword>
                        <gco:CharacterString>public safety</gco:CharacterString>
                    </keyword>
                    <keyword>
                        <gco:CharacterString>COVID-19</gco:CharacterString>
                    </keyword>
                    <keyword>
                        <gco:CharacterString>Visualisierung</gco:CharacterString>
                    </keyword>
                    <keyword>
                        <gco:CharacterString>BKG</gco:CharacterString>
                    </keyword>
                    <keyword>
                        <gco:CharacterString>Bundesamt für Kartographie und Geodäsie</gco:CharacterString>
                    </keyword>
                </MD_Keywords>
            </descriptiveKeywords>
            <descriptiveKeywords>
                <MD_Keywords>
                    <keyword>
                        <gco:CharacterString>RKI</gco:CharacterString>
                    </keyword>
                    <keyword>
                        <gco:CharacterString>Corona</gco:CharacterString>
                    </keyword>
                    <keyword>
                        <gco:CharacterString>Deutschland</gco:CharacterString>
                    </keyword>
                    <keyword>
                        <gco:CharacterString>Landkreise</gco:CharacterString>
                    </keyword>
                    <keyword>
                        <gco:CharacterString>DE</gco:CharacterString>
                    </keyword>
                    <keyword>
                        <gco:CharacterString>Epidemie</gco:CharacterString>
                    </keyword>
                    <keyword>
                        <gco:CharacterString>Gesundheit</gco:CharacterString>
                    </keyword>
                    <keyword>
                        <gco:CharacterString>Robert Koch Institut</gco:CharacterString>
                    </keyword>
                    <keyword>
                        <gco:CharacterString>Dashboard</gco:CharacterString>
                    </keyword>
                    <keyword>
                        <gco:CharacterString>public safety</gco:CharacterString>
                    </keyword>
                    <keyword>
                        <gco:CharacterString>COVID-19</gco:CharacterString>
                    </keyword>
                    <keyword>
                        <gco:CharacterString>Visualisierung</gco:CharacterString>
                    </keyword>
                    <keyword>
                        <gco:CharacterString>BKG</gco:CharacterString>
                    </keyword>
                    <keyword>
                        <gco:CharacterString>Bundesamt für Kartographie und Geodäsie</gco:CharacterString>
                    </keyword>
                </MD_Keywords>
            </descriptiveKeywords>
            <descriptiveKeywords>
                <MD_Keywords>
                    <keyword>
                        <gco:CharacterString>RKI</gco:CharacterString>
                    </keyword>
                    <keyword>
                        <gco:CharacterString>Corona</gco:CharacterString>
                    </keyword>
                    <keyword>
                        <gco:CharacterString>Deutschland</gco:CharacterString>
                    </keyword>
                    <keyword>
                        <gco:CharacterString>Landkreise</gco:CharacterString>
                    </keyword>
                    <keyword>
                        <gco:CharacterString>DE</gco:CharacterString>
                    </keyword>
                    <keyword>
                        <gco:CharacterString>Epidemie</gco:CharacterString>
                    </keyword>
                    <keyword>
                        <gco:CharacterString>Gesundheit</gco:CharacterString>
                    </keyword>
                    <keyword>
                        <gco:CharacterString>Robert Koch Institut</gco:CharacterString>
                    </keyword>
                    <keyword>
                        <gco:CharacterString>Dashboard</gco:CharacterString>
                    </keyword>
                    <keyword>
                        <gco:CharacterString>public safety</gco:CharacterString>
                    </keyword>
                    <keyword>
                        <gco:CharacterString>COVID-19</gco:CharacterString>
                    </keyword>
                    <keyword>
                        <gco:CharacterString>Visualisierung</gco:CharacterString>
                    </keyword>
                    <keyword>
                        <gco:CharacterString>BKG</gco:CharacterString>
                    </keyword>
                    <keyword>
                        <gco:CharacterString>Bundesamt für Kartographie und Geodäsie</gco:CharacterString>
                    </keyword>
                </MD_Keywords>
            </descriptiveKeywords>
            <descriptiveKeywords>
                <MD_Keywords>
                    <keyword>
                        <gco:CharacterString>RKI</gco:CharacterString>
                    </keyword>
                    <keyword>
                        <gco:CharacterString>Corona</gco:CharacterString>
                    </keyword>
                    <keyword>
                        <gco:CharacterString>Deutschland</gco:CharacterString>
                    </keyword>
                    <keyword>
                        <gco:CharacterString>Landkreise</gco:CharacterString>
                    </keyword>
                    <keyword>
                        <gco:CharacterString>DE</gco:CharacterString>
                    </keyword>
                    <keyword>
                        <gco:CharacterString>Epidemie</gco:CharacterString>
                    </keyword>
                    <keyword>
                        <gco:CharacterString>Gesundheit</gco:CharacterString>
                    </keyword>
                    <keyword>
                        <gco:CharacterString>Robert Koch Institut</gco:CharacterString>
                    </keyword>
                    <keyword>
                        <gco:CharacterString>Dashboard</gco:CharacterString>
                    </keyword>
                    <keyword>
                        <gco:CharacterString>public safety</gco:CharacterString>
                    </keyword>
                    <keyword>
                        <gco:CharacterString>COVID-19</gco:CharacterString>
                    </keyword>
                    <keyword>
                        <gco:CharacterString>Visualisierung</gco:CharacterString>
                    </keyword>
                    <keyword>
                        <gco:CharacterString>BKG</gco:CharacterString>
                    </keyword>
                    <keyword>
                        <gco:CharacterString>Bundesamt für Kartographie und Geodäsie</gco:CharacterString>
                    </keyword>
                </MD_Keywords>
            </descriptiveKeywords>
            <descriptiveKeywords>
                <MD_Keywords>
                    <keyword>
                        <gco:CharacterString>RKI</gco:CharacterString>
                    </keyword>
                    <keyword>
                        <gco:CharacterString>Corona</gco:CharacterString>
                    </keyword>
                    <keyword>
                        <gco:CharacterString>Deutschland</gco:CharacterString>
                    </keyword>
                    <keyword>
                        <gco:CharacterString>Landkreise</gco:CharacterString>
                    </keyword>
                    <keyword>
                        <gco:CharacterString>DE</gco:CharacterString>
                    </keyword>
                    <keyword>
                        <gco:CharacterString>Epidemie</gco:CharacterString>
                    </keyword>
                    <keyword>
                        <gco:CharacterString>Gesundheit</gco:CharacterString>
                    </keyword>
                    <keyword>
                        <gco:CharacterString>Robert Koch Institut</gco:CharacterString>
                    </keyword>
                    <keyword>
                        <gco:CharacterString>Dashboard</gco:CharacterString>
                    </keyword>
                    <keyword>
                        <gco:CharacterString>public safety</gco:CharacterString>
                    </keyword>
                    <keyword>
                        <gco:CharacterString>COVID-19</gco:CharacterString>
                    </keyword>
                    <keyword>
                        <gco:CharacterString>Visualisierung</gco:CharacterString>
                    </keyword>
                    <keyword>
                        <gco:CharacterString>BKG</gco:CharacterString>
                    </keyword>
                    <keyword>
                        <gco:CharacterString>Bundesamt für Kartographie und Geodäsie</gco:CharacterString>
                    </keyword>
                </MD_Keywords>
            </descriptiveKeywords>
            <descriptiveKeywords>
                <MD_Keywords>
                    <keyword>
                        <gco:CharacterString>RKI</gco:CharacterString>
                    </keyword>
                    <keyword>
                        <gco:CharacterString>Corona</gco:CharacterString>
                    </keyword>
                    <keyword>
                        <gco:CharacterString>Deutschland</gco:CharacterString>
                    </keyword>
                    <keyword>
                        <gco:CharacterString>Landkreise</gco:CharacterString>
                    </keyword>
                    <keyword>
                        <gco:CharacterString>DE</gco:CharacterString>
                    </keyword>
                    <keyword>
                        <gco:CharacterString>Epidemie</gco:CharacterString>
                    </keyword>
                    <keyword>
                        <gco:CharacterString>Gesundheit</gco:CharacterString>
                    </keyword>
                    <keyword>
                        <gco:CharacterString>Robert Koch Institut</gco:CharacterString>
                    </keyword>
                    <keyword>
                        <gco:CharacterString>Dashboard</gco:CharacterString>
                    </keyword>
                    <keyword>
                        <gco:CharacterString>public safety</gco:CharacterString>
                    </keyword>
                    <keyword>
                        <gco:CharacterString>COVID-19</gco:CharacterString>
                    </keyword>
                    <keyword>
                        <gco:CharacterString>Visualisierung</gco:CharacterString>
                    </keyword>
                    <keyword>
                        <gco:CharacterString>BKG</gco:CharacterString>
                    </keyword>
                    <keyword>
                        <gco:CharacterString>Bundesamt für Kartographie und Geodäsie</gco:CharacterString>
                    </keyword>
                </MD_Keywords>
            </descriptiveKeywords>
            <descriptiveKeywords>
                <MD_Keywords>
                    <keyword>
                        <gco:CharacterString>RKI</gco:CharacterString>
                    </keyword>
                    <keyword>
                        <gco:CharacterString>Corona</gco:CharacterString>
                    </keyword>
                    <keyword>
                        <gco:CharacterString>Deutschland</gco:CharacterString>
                    </keyword>
                    <keyword>
                        <gco:CharacterString>Landkreise</gco:CharacterString>
                    </keyword>
                    <keyword>
                        <gco:CharacterString>DE</gco:CharacterString>
                    </keyword>
                    <keyword>
                        <gco:CharacterString>Epidemie</gco:CharacterString>
                    </keyword>
                    <keyword>
                        <gco:CharacterString>Gesundheit</gco:CharacterString>
                    </keyword>
                    <keyword>
                        <gco:CharacterString>Robert Koch Institut</gco:CharacterString>
                    </keyword>
                    <keyword>
                        <gco:CharacterString>Dashboard</gco:CharacterString>
                    </keyword>
                    <keyword>
                        <gco:CharacterString>public safety</gco:CharacterString>
                    </keyword>
                    <keyword>
                        <gco:CharacterString>COVID-19</gco:CharacterString>
                    </keyword>
                    <keyword>
                        <gco:CharacterString>Visualisierung</gco:CharacterString>
                    </keyword>
                    <keyword>
                        <gco:CharacterString>BKG</gco:CharacterString>
                    </keyword>
                    <keyword>
                        <gco:CharacterString>Bundesamt für Kartographie und Geodäsie</gco:CharacterString>
                    </keyword>
                </MD_Keywords>
            </descriptiveKeywords>
            <descriptiveKeywords>
                <MD_Keywords>
                    <keyword>
                        <gco:CharacterString>RKI</gco:CharacterString>
                    </keyword>
                    <keyword>
                        <gco:CharacterString>Corona</gco:CharacterString>
                    </keyword>
                    <keyword>
                        <gco:CharacterString>Deutschland</gco:CharacterString>
                    </keyword>
                    <keyword>
                        <gco:CharacterString>Landkreise</gco:CharacterString>
                    </keyword>
                    <keyword>
                        <gco:CharacterString>DE</gco:CharacterString>
                    </keyword>
                    <keyword>
                        <gco:CharacterString>Epidemie</gco:CharacterString>
                    </keyword>
                    <keyword>
                        <gco:CharacterString>Gesundheit</gco:CharacterString>
                    </keyword>
                    <keyword>
                        <gco:CharacterString>Robert Koch Institut</gco:CharacterString>
                    </keyword>
                    <keyword>
                        <gco:CharacterString>Dashboard</gco:CharacterString>
                    </keyword>
                    <keyword>
                        <gco:CharacterString>public safety</gco:CharacterString>
                    </keyword>
                    <keyword>
                        <gco:CharacterString>COVID-19</gco:CharacterString>
                    </keyword>
                    <keyword>
                        <gco:CharacterString>Visualisierung</gco:CharacterString>
                    </keyword>
                    <keyword>
                        <gco:CharacterString>BKG</gco:CharacterString>
                    </keyword>
                    <keyword>
                        <gco:CharacterString>Bundesamt für Kartographie und Geodäsie</gco:CharacterString>
                    </keyword>
                </MD_Keywords>
            </descriptiveKeywords>
            <descriptiveKeywords>
                <MD_Keywords>
                    <keyword>
                        <gco:CharacterString>RKI</gco:CharacterString>
                    </keyword>
                    <keyword>
                        <gco:CharacterString>Corona</gco:CharacterString>
                    </keyword>
                    <keyword>
                        <gco:CharacterString>Deutschland</gco:CharacterString>
                    </keyword>
                    <keyword>
                        <gco:CharacterString>Landkreise</gco:CharacterString>
                    </keyword>
                    <keyword>
                        <gco:CharacterString>DE</gco:CharacterString>
                    </keyword>
                    <keyword>
                        <gco:CharacterString>Epidemie</gco:CharacterString>
                    </keyword>
                    <keyword>
                        <gco:CharacterString>Gesundheit</gco:CharacterString>
                    </keyword>
                    <keyword>
                        <gco:CharacterString>Robert Koch Institut</gco:CharacterString>
                    </keyword>
                    <keyword>
                        <gco:CharacterString>Dashboard</gco:CharacterString>
                    </keyword>
                    <keyword>
                        <gco:CharacterString>public safety</gco:CharacterString>
                    </keyword>
                    <keyword>
                        <gco:CharacterString>COVID-19</gco:CharacterString>
                    </keyword>
                    <keyword>
                        <gco:CharacterString>Visualisierung</gco:CharacterString>
                    </keyword>
                    <keyword>
                        <gco:CharacterString>BKG</gco:CharacterString>
                    </keyword>
                    <keyword>
                        <gco:CharacterString>Bundesamt für Kartographie und Geodäsie</gco:CharacterString>
                    </keyword>
                </MD_Keywords>
            </descriptiveKeywords>
            <descriptiveKeywords>
                <MD_Keywords>
                    <keyword>
                        <gco:CharacterString>RKI</gco:CharacterString>
                    </keyword>
                    <keyword>
                        <gco:CharacterString>Corona</gco:CharacterString>
                    </keyword>
                    <keyword>
                        <gco:CharacterString>Deutschland</gco:CharacterString>
                    </keyword>
                    <keyword>
                        <gco:CharacterString>Landkreise</gco:CharacterString>
                    </keyword>
                    <keyword>
                        <gco:CharacterString>DE</gco:CharacterString>
                    </keyword>
                    <keyword>
                        <gco:CharacterString>Epidemie</gco:CharacterString>
                    </keyword>
                    <keyword>
                        <gco:CharacterString>Gesundheit</gco:CharacterString>
                    </keyword>
                    <keyword>
                        <gco:CharacterString>Robert Koch Institut</gco:CharacterString>
                    </keyword>
                    <keyword>
                        <gco:CharacterString>Dashboard</gco:CharacterString>
                    </keyword>
                    <keyword>
                        <gco:CharacterString>public safety</gco:CharacterString>
                    </keyword>
                    <keyword>
                        <gco:CharacterString>COVID-19</gco:CharacterString>
                    </keyword>
                    <keyword>
                        <gco:CharacterString>Visualisierung</gco:CharacterString>
                    </keyword>
                    <keyword>
                        <gco:CharacterString>BKG</gco:CharacterString>
                    </keyword>
                    <keyword>
                        <gco:CharacterString>Bundesamt für Kartographie und Geodäsie</gco:CharacterString>
                    </keyword>
                </MD_Keywords>
            </descriptiveKeywords>
            <descriptiveKeywords>
                <MD_Keywords>
                    <keyword>
                        <gco:CharacterString>RKI</gco:CharacterString>
                    </keyword>
                    <keyword>
                        <gco:CharacterString>Corona</gco:CharacterString>
                    </keyword>
                    <keyword>
                        <gco:CharacterString>Deutschland</gco:CharacterString>
                    </keyword>
                    <keyword>
                        <gco:CharacterString>Landkreise</gco:CharacterString>
                    </keyword>
                    <keyword>
                        <gco:CharacterString>DE</gco:CharacterString>
                    </keyword>
                    <keyword>
                        <gco:CharacterString>Epidemie</gco:CharacterString>
                    </keyword>
                    <keyword>
                        <gco:CharacterString>Gesundheit</gco:CharacterString>
                    </keyword>
                    <keyword>
                        <gco:CharacterString>Robert Koch Institut</gco:CharacterString>
                    </keyword>
                    <keyword>
                        <gco:CharacterString>Dashboard</gco:CharacterString>
                    </keyword>
                    <keyword>
                        <gco:CharacterString>public safety</gco:CharacterString>
                    </keyword>
                    <keyword>
                        <gco:CharacterString>COVID-19</gco:CharacterString>
                    </keyword>
                    <keyword>
                        <gco:CharacterString>Visualisierung</gco:CharacterString>
                    </keyword>
                    <keyword>
                        <gco:CharacterString>BKG</gco:CharacterString>
                    </keyword>
                    <keyword>
                        <gco:CharacterString>Bundesamt für Kartographie und Geodäsie</gco:CharacterString>
                    </keyword>
                </MD_Keywords>
            </descriptiveKeywords>
            <descriptiveKeywords>
                <MD_Keywords>
                    <keyword>
                        <gco:CharacterString>RKI</gco:CharacterString>
                    </keyword>
                    <keyword>
                        <gco:CharacterString>Corona</gco:CharacterString>
                    </keyword>
                    <keyword>
                        <gco:CharacterString>Deutschland</gco:CharacterString>
                    </keyword>
                    <keyword>
                        <gco:CharacterString>Landkreise</gco:CharacterString>
                    </keyword>
                    <keyword>
                        <gco:CharacterString>DE</gco:CharacterString>
                    </keyword>
                    <keyword>
                        <gco:CharacterString>Epidemie</gco:CharacterString>
                    </keyword>
                    <keyword>
                        <gco:CharacterString>Gesundheit</gco:CharacterString>
                    </keyword>
                    <keyword>
                        <gco:CharacterString>Robert Koch Institut</gco:CharacterString>
                    </keyword>
                    <keyword>
                        <gco:CharacterString>Dashboard</gco:CharacterString>
                    </keyword>
                    <keyword>
                        <gco:CharacterString>public safety</gco:CharacterString>
                    </keyword>
                    <keyword>
                        <gco:CharacterString>COVID-19</gco:CharacterString>
                    </keyword>
                    <keyword>
                        <gco:CharacterString>Visualisierung</gco:CharacterString>
                    </keyword>
                    <keyword>
                        <gco:CharacterString>BKG</gco:CharacterString>
                    </keyword>
                    <keyword>
                        <gco:CharacterString>Bundesamt für Kartographie und Geodäsie</gco:CharacterString>
                    </keyword>
                </MD_Keywords>
            </descriptiveKeywords>
            <descriptiveKeywords>
                <MD_Keywords>
                    <keyword>
                        <gco:CharacterString>RKI</gco:CharacterString>
                    </keyword>
                    <keyword>
                        <gco:CharacterString>Corona</gco:CharacterString>
                    </keyword>
                    <keyword>
                        <gco:CharacterString>Deutschland</gco:CharacterString>
                    </keyword>
                    <keyword>
                        <gco:CharacterString>Landkreise</gco:CharacterString>
                    </keyword>
                    <keyword>
                        <gco:CharacterString>DE</gco:CharacterString>
                    </keyword>
                    <keyword>
                        <gco:CharacterString>Epidemie</gco:CharacterString>
                    </keyword>
                    <keyword>
                        <gco:CharacterString>Gesundheit</gco:CharacterString>
                    </keyword>
                    <keyword>
                        <gco:CharacterString>Robert Koch Institut</gco:CharacterString>
                    </keyword>
                    <keyword>
                        <gco:CharacterString>Dashboard</gco:CharacterString>
                    </keyword>
                    <keyword>
                        <gco:CharacterString>public safety</gco:CharacterString>
                    </keyword>
                    <keyword>
                        <gco:CharacterString>COVID-19</gco:CharacterString>
                    </keyword>
                    <keyword>
                        <gco:CharacterString>Visualisierung</gco:CharacterString>
                    </keyword>
                    <keyword>
                        <gco:CharacterString>BKG</gco:CharacterString>
                    </keyword>
                    <keyword>
                        <gco:CharacterString>Bundesamt für Kartographie und Geodäsie</gco:CharacterString>
                    </keyword>
                </MD_Keywords>
            </descriptiveKeywords>
            <resourceConstraints>
                <MD_Constraints>
                    <useLimitation>
                        <gco:CharacterString>Bundesamt für Kartographie und GeodäsieRobert Koch-Institut</gco:CharacterString>
                    </useLimitation>
                </MD_Constraints>
            </resourceConstraints>
            <language gco:nilReason="missing"/>
            <characterSet>
                <MD_CharacterSetCode codeList="http://www.isotc211.org/2005/resources/Codelist/gmxCodelists.xml#MD_CharacterSetCode" codeListValue="utf8" codeSpace="ISOTC211/19115">utf8</MD_CharacterSetCode>
            </characterSet>
        </MD_DataIdentification>
    </identificationInfo>
</MD_Metadata>
